{"skeleton":{"hash":"TJhBWeoup1Buyb0HKMoJzVVA81A","spine":"3.6.47","width":155.98,"height":193.47,"images":"./Character/images7/"},"bones":[{"name":"root"},{"name":"bone","parent":"root","length":148.29,"rotation":180,"x":108.95,"y":3.17,"scaleX":2.089,"scaleY":1.295}],"slots":[{"name":"1","bone":"bone","attachment":"14"}],"skins":{"default":{"1":{"1":{"x":4.59,"y":0.89,"scaleY":1.4,"rotation":180,"width":31,"height":64},"2":{"x":9.03,"y":0.89,"scaleY":1.4,"rotation":180,"width":40,"height":113},"3":{"x":20.87,"y":0.89,"scaleY":1.3,"rotation":180,"width":70,"height":126},"4":{"x":28.27,"y":0.89,"scaleY":1.3,"rotation":180,"width":96,"height":91},"5":{"x":68.8,"y":0.89,"scaleX":1.081,"scaleY":1.3,"rotation":180,"width":149,"height":65},"6":{"x":98.47,"y":0.89,"scaleX":1.196,"scaleY":1.3,"rotation":180,"width":182,"height":43},"7":{"x":116.77,"y":0.89,"scaleX":1.123,"scaleY":1.4,"rotation":180,"width":140,"height":38},"8":{"x":127.52,"y":0.89,"scaleX":1.299,"scaleY":1.3,"rotation":180,"width":101,"height":54},"9":{"x":147.44,"y":0.89,"scaleX":1.324,"scaleY":1.481,"rotation":180,"width":70,"height":72},"10":{"x":161.65,"y":0.89,"scaleX":1.07,"scaleY":1.784,"rotation":180,"width":60,"height":82},"11":{"x":157.35,"y":0.89,"scaleX":1.096,"scaleY":2.007,"rotation":180,"width":66,"height":87},"12":{"x":153.84,"y":0.89,"scaleX":1.131,"scaleY":1.7,"rotation":180,"width":68,"height":103},"13":{"x":132.97,"y":0.89,"scaleX":1.166,"scaleY":1.5,"rotation":180,"width":68,"height":102},"14":{"x":119.44,"y":0.89,"scaleX":1.149,"scaleY":1.8,"rotation":180,"width":65,"height":83}}}},"animations":{"Boss2_Missile1":{"slots":{"1":{"attachment":[{"time":0,"name":"1"},{"time":0.0667,"name":"2"},{"time":0.1,"name":"3"},{"time":0.1333,"name":"4"},{"time":0.1667,"name":"5"},{"time":0.2,"name":"6"}]}}},"Boss2_Missile2":{"slots":{"1":{"attachment":[{"time":0,"name":"7"},{"time":0.0333,"name":"8"},{"time":0.0667,"name":"9"},{"time":0.1,"name":"10"},{"time":0.1333,"name":"11"},{"time":0.1667,"name":"12"},{"time":0.2,"name":"13"},{"time":0.2667,"name":"14"}]}}}}}